<?xml version="1.0" encoding="UTF-8"?>
<valueSets xmlns="urn:hl7-org:v3" xmlns:hl7="urn:hl7-org:v3" xmlns:sch="http://purl.oclc.org/dsdl/schematron" xmlns:local="http://art-decor.org/functions">
    <valueSet xmlns="" id="2.16.840.1.113883.1.11.1" name="AdministrativeGender" displayName="AdministrativeGender" effectiveDate="2014-03-26T00:00:00" statusCode="final" versionLabel="DEFN=UV=VO=1360-20160323" url="http://art-decor.org/decor/services/" ident="ad2bbr-" referencedFrom="lpr-">
        <desc language="en-US">
            <p>
                <b>History description 2014-03-26: </b>Lock all vaue sets untouched since 2014-03-26 to trackingId 2014T1_2014_03_26</p>
            <b>description: </b>
            <p>The gender of a person used for adminstrative purposes (as opposed to clinical gender)</p>
        </desc>
        <sourceCodeSystem id="2.16.840.1.113883.5.1" identifierName=""/>
        <conceptList>
            <concept code="F" codeSystem="2.16.840.1.113883.5.1" displayName="Female" level="0" type="L"/>
            <concept code="M" codeSystem="2.16.840.1.113883.5.1" displayName="Male" level="0" type="L"/>
            <concept code="UN" codeSystem="2.16.840.1.113883.5.1" displayName="Undifferentiated" level="0" type="L"/>
        </conceptList>
    </valueSet>
</valueSets>