<?xml version="1.0" encoding="UTF-8"?>
<valueSets xmlns="urn:hl7-org:v3" xmlns:local="http://art-decor.org/functions" xmlns:hl7="urn:hl7-org:v3" xmlns:sch="http://purl.oclc.org/dsdl/schematron">
    <valueSet xmlns="" name="DKCountryIdentifiers" displayName="DK Country Identifiers" id="1.2.208.176.1.2.3" effectiveDate="2017-03-01T00:00:00" statusCode="final">
        <desc language="en-US">The content of this value set is managed externally to this site (art-decor). See <a href="https://sundhedsdatastyrelsen.dk/da/rammer-og-retningslinjer/om-patientregistrering/indberetning-lpr3">Indberetningsvejledningen</a>.</desc>
        <sourceCodeSystem id="1.2.208.176.2.4" identifierName="Sundhedsvæsenets&#160;Klassifikations&#160;System"/>
        <completeCodeSystem codeSystem="1.2.208.176.2.4" codeSystemName="Sundhedsvæsenets&#160;Klassifikations&#160;System"/>
    </valueSet>
</valueSets>